TextSize,PatternSize,Time(seconds)
50000,1000,0.0003546
100000,1000,0.0006185
200000,1000,0.0010872
500000,1000,0.0027649
1000000,1000,0.0056889
