TextSize,PatternSize,Time(seconds)
50000,1000,0.0002114
100000,1000,0.0004263
200000,1000,0.0008555
500000,1000,0.0021605
1000000,1000,0.0042369
